Sample,Replicate,Site,Treatment,Month,Temp,PAR,FvFm,ETR,Yield,qP,qN
Vau_K_01,1,Kampen,Field,July,19.64,11,0.549,2.5,0.531,0.867,0.063
Vau_K_01,1,Kampen,Field,July,19.64,60,0.549,17,0.673,1,0
Vau_K_01,1,Kampen,Field,July,19.64,100,0.549,21.8,0.52,0.867,0.032
Vau_K_01,1,Kampen,Field,July,19.64,170,0.549,40,0.56,0.966,0.033
Vau_K_01,1,Kampen,Field,July,19.64,270,0.549,63.8,0.563,0.964,0.097
Vau_K_01,1,Kampen,Field,July,19.64,420,0.549,122.7,0.696,1,0.167
Vau_K_01,1,Kampen,Field,July,19.64,600,0.549,126,0.5,0.885,0.161
Vau_K_01,1,Kampen,Field,July,19.64,970,0.549,208.7,0.512,1,0.323
Vau_K_01,1,Kampen,Field,July,19.64,1410,0.549,249.3,0.421,0.842,0.406
Vau_K_01,1,Kampen,Field,July,19.64,2110,0.549,126.6,0.143,0.313,0.5
Vau_K_01,1,Kampen,Field,July,19.64,3210,0.549,174,0.129,0.286,0.588
Vau_K_02,2,Kampen,Field,July,17.05,11,0.471,2.2,0.474,1,0
Vau_K_02,2,Kampen,Field,July,17.05,60,0.471,12.6,0.5,0.909,0
Vau_K_02,2,Kampen,Field,July,17.05,100,0.471,22.9,0.545,0.923,0
Vau_K_02,2,Kampen,Field,July,17.05,170,0.471,37.4,0.524,0.917,0
Vau_K_02,2,Kampen,Field,July,17.05,270,0.471,59.4,0.524,0.917,0
Vau_K_02,2,Kampen,Field,July,17.05,420,0.471,68.6,0.389,0.7,0
Vau_K_02,2,Kampen,Field,July,17.05,600,0.471,118.6,0.471,1,0
Vau_K_02,2,Kampen,Field,July,17.05,970,0.471,163,0.4,1,0.25
Vau_K_02,2,Kampen,Field,July,17.05,1410,0.471,182.2,0.308,0.8,0.444
Vau_K_02,2,Kampen,Field,July,17.05,2110,0.471,68.2,0.077,0.2,0.444
Vau_K_02,2,Kampen,Field,July,17.05,3210,0.471,490.3,0.364,1,0.667
Vau_K_03,3,Kampen,Field,July,17.05,11,0.533,2.6,0.571,1,0.111
Vau_K_03,3,Kampen,Field,July,17.05,60,0.533,13.4,0.533,1,0
Vau_K_03,3,Kampen,Field,July,17.05,100,0.533,21,0.5,0.875,0.111
Vau_K_03,3,Kampen,Field,July,17.05,170,0.533,42.8,0.6,1,0
Vau_K_03,3,Kampen,Field,July,17.05,270,0.533,56.7,0.5,0.875,0.111
Vau_K_03,3,Kampen,Field,July,17.05,420,0.533,75.6,0.429,0.75,0.111
Vau_K_03,3,Kampen,Field,July,17.05,600,0.533,126,0.5,1,0.375
Vau_K_03,3,Kampen,Field,July,17.05,970,0.533,203.7,0.5,0.875,0.111
Vau_K_03,3,Kampen,Field,July,17.05,1410,0.533,118.4,0.2,0.5,0.556
Vau_K_03,3,Kampen,Field,July,17.05,2110,0.533,177.2,0.2,0.5,0.556
Vau_K_03,3,Kampen,Field,July,17.05,3210,0.533,337.1,0.25,1,0.778
Vau_K_04,4,Kampen,Field,July,17.05,11,0.429,2.2,0.476,0.909,0
Vau_K_04,4,Kampen,Field,July,17.05,60,0.429,14.4,0.571,1,0
Vau_K_04,4,Kampen,Field,July,17.05,100,0.429,16.8,0.4,0.8,0.091
Vau_K_04,4,Kampen,Field,July,17.05,170,0.429,35.7,0.5,1,0.091
Vau_K_04,4,Kampen,Field,July,17.05,270,0.429,46.7,0.412,1,0.364
Vau_K_04,4,Kampen,Field,July,17.05,420,0.429,62.3,0.353,0.857,0.364
Vau_K_04,4,Kampen,Field,July,17.05,600,0.429,84,0.333,0.75,0.273
Vau_K_04,4,Kampen,Field,July,17.05,970,0.429,152.8,0.375,1,0.455
Vau_K_04,4,Kampen,Field,July,17.05,1410,0.429,197.4,0.333,0.833,0.5
Vau_K_04,4,Kampen,Field,July,17.05,2110,0.429,136.3,0.154,0.4,0.615
Vau_K_04,4,Kampen,Field,July,17.05,3210,0.429,122.6,0.091,0.333,0.769
Vau_K_05,5,Kampen,Field,July,18.33,11,0.723,3.6,0.778,1,0.057
Vau_K_05,5,Kampen,Field,July,18.33,60,0.723,17.8,0.705,0.969,0.086
Vau_K_05,5,Kampen,Field,July,18.33,100,0.723,29.6,0.705,0.969,0.086
Vau_K_05,5,Kampen,Field,July,18.33,170,0.723,50.3,0.705,0.969,0.086
Vau_K_05,5,Kampen,Field,July,18.33,270,0.723,79.1,0.698,1,0.118
Vau_K_05,5,Kampen,Field,July,18.33,420,0.723,114.7,0.65,0.929,0.2
Vau_K_05,5,Kampen,Field,July,18.33,600,0.723,148.6,0.59,0.852,0.229
Vau_K_05,5,Kampen,Field,July,18.33,970,0.723,209.5,0.514,0.783,0.343
Vau_K_05,5,Kampen,Field,July,18.33,1410,0.723,245,0.414,0.706,0.514
Vau_K_05,5,Kampen,Field,July,18.33,2110,0.723,201.4,0.227,0.455,0.694
Vau_K_05,5,Kampen,Field,July,18.33,3210,0.723,283.8,0.211,0.5,0.778
Vau_K_06,6,Kampen,Field,July,18.33,11,0.71,3.3,0.724,1,0.095
Vau_K_06,6,Kampen,Field,July,18.33,60,0.71,18.4,0.73,1,0
Vau_K_06,6,Kampen,Field,July,18.33,100,0.71,29.2,0.694,0.962,0
Vau_K_06,6,Kampen,Field,July,18.33,170,0.71,49,0.686,0.96,0
Vau_K_06,6,Kampen,Field,July,18.33,270,0.71,80,0.706,1,0
Vau_K_06,6,Kampen,Field,July,18.33,420,0.71,117.6,0.667,0.957,0
Vau_K_06,6,Kampen,Field,July,18.33,600,0.71,149.6,0.594,0.905,0
Vau_K_06,6,Kampen,Field,July,18.33,970,0.71,238.8,0.586,0.895,0.095
Vau_K_06,6,Kampen,Field,July,18.33,1410,0.71,257.5,0.435,0.769,0.381
Vau_K_06,6,Kampen,Field,July,18.33,2110,0.71,344.6,0.389,0.875,0.619
Vau_K_06,6,Kampen,Field,July,18.33,3210,0.71,192.6,0.143,0.333,0.739
Vau_K_07,7,Kampen,Field,July,18.33,11,0.667,3.2,0.684,0.929,0
Vau_K_07,7,Kampen,Field,July,18.33,60,0.667,18.1,0.718,0.966,0
Vau_K_07,7,Kampen,Field,July,18.33,100,0.667,30.9,0.737,1,0
Vau_K_07,7,Kampen,Field,July,18.33,170,0.667,52.1,0.73,1,0
Vau_K_07,7,Kampen,Field,July,18.33,270,0.667,80.6,0.711,1,0
Vau_K_07,7,Kampen,Field,July,18.33,420,0.667,112.7,0.639,0.92,0
Vau_K_07,7,Kampen,Field,July,18.33,600,0.667,148.2,0.588,0.87,0.08
Vau_K_07,7,Kampen,Field,July,18.33,970,0.667,223.4,0.548,0.85,0.2
Vau_K_07,7,Kampen,Field,July,18.33,1410,0.667,285.1,0.481,0.812,0.36
Vau_K_07,7,Kampen,Field,July,18.33,2110,0.667,295.4,0.333,0.7,0.6
Vau_K_07,7,Kampen,Field,July,18.33,3210,0.667,0,0,0,0.731
Vau_K_08,8,Kampen,Field,July,18.33,11,0.756,3.6,0.773,1,0.03
Vau_K_08,8,Kampen,Field,July,18.33,60,0.756,19.7,0.783,1,0
Vau_K_08,8,Kampen,Field,July,18.33,100,0.756,30.8,0.733,1,0
Vau_K_08,8,Kampen,Field,July,18.33,170,0.756,49.2,0.689,0.939,0
Vau_K_08,8,Kampen,Field,July,18.33,270,0.756,87,0.767,1,0.063
Vau_K_08,8,Kampen,Field,July,18.33,420,0.756,119.1,0.675,1,0.156
Vau_K_08,8,Kampen,Field,July,18.33,600,0.756,161.5,0.641,0.926,0.182
Vau_K_08,8,Kampen,Field,July,18.33,970,0.756,203.7,0.5,0.783,0.281
Vau_K_08,8,Kampen,Field,July,18.33,1410,0.756,265.5,0.448,0.765,0.485
Vau_K_08,8,Kampen,Field,July,18.33,2110,0.756,258.5,0.292,0.583,0.636
Vau_K_08,8,Kampen,Field,July,18.33,3210,0.756,158.6,0.118,0.333,0.824
Vau_K_09,9,Kampen,Field,July,18.33,11,0.667,3.3,0.719,1,0.045
Vau_K_09,9,Kampen,Field,July,18.33,60,0.667,16,0.633,1,0.136
Vau_K_09,9,Kampen,Field,July,18.33,100,0.667,29.3,0.697,1,0
Vau_K_09,9,Kampen,Field,July,18.33,170,0.667,38.1,0.533,0.842,0.136
Vau_K_09,9,Kampen,Field,July,18.33,270,0.667,71.8,0.633,1,0.136
Vau_K_09,9,Kampen,Field,July,18.33,420,0.667,104.5,0.593,1,0.286
Vau_K_09,9,Kampen,Field,July,18.33,600,0.667,140,0.556,0.938,0.273
Vau_K_09,9,Kampen,Field,July,18.33,970,0.667,179.3,0.44,0.786,0.364
Vau_K_09,9,Kampen,Field,July,18.33,1410,0.667,269.2,0.455,0.909,0.5
Vau_K_09,9,Kampen,Field,July,18.33,2110,0.667,295.4,0.333,0.75,0.652
Vau_K_09,9,Kampen,Field,July,18.33,3210,0.667,269.6,0.2,0.6,0.783
Vau_K_10,1,Kampen,Field,September,13.38,11,0.543,2.8,0.604,0.879,0
Vau_K_10,1,Kampen,Field,September,13.38,60,0.543,17,0.673,1,0
Vau_K_10,1,Kampen,Field,September,13.38,100,0.543,20.1,0.479,0.767,0
Vau_K_10,1,Kampen,Field,September,13.38,170,0.543,41.9,0.587,0.931,0
Vau_K_10,1,Kampen,Field,September,13.38,270,0.543,71.5,0.63,1,0
Vau_K_10,1,Kampen,Field,September,13.38,420,0.543,116.3,0.659,1,0.069
Vau_K_10,1,Kampen,Field,September,13.38,600,0.543,145.6,0.578,0.929,0.034
Vau_K_10,1,Kampen,Field,September,13.38,970,0.543,242.5,0.595,0.962,0.133
Vau_K_10,1,Kampen,Field,September,13.38,1410,0.543,296.1,0.5,0.87,0.207
Vau_K_10,1,Kampen,Field,September,13.38,2110,0.543,263.5,0.297,0.5,0.29
Vau_K_10,1,Kampen,Field,September,13.38,3210,0.543,168.5,0.125,0.267,0.483
Vau_K_11,2,Kampen,Field,September,13.38,11,0.554,2.8,0.614,0.972,0
Vau_K_11,2,Kampen,Field,September,13.38,60,0.554,14.7,0.583,0.897,0
Vau_K_11,2,Kampen,Field,September,13.38,100,0.554,25.7,0.613,0.927,0
Vau_K_11,2,Kampen,Field,September,13.38,170,0.554,43.6,0.61,0.973,0
Vau_K_11,2,Kampen,Field,September,13.38,270,0.554,68.4,0.603,0.921,0
Vau_K_11,2,Kampen,Field,September,13.38,420,0.554,102.6,0.582,0.914,0.028
Vau_K_11,2,Kampen,Field,September,13.38,600,0.554,144,0.571,0.865,0
Vau_K_11,2,Kampen,Field,September,13.38,970,0.554,219.4,0.538,0.903,0.114
Vau_K_11,2,Kampen,Field,September,13.38,1410,0.554,320.8,0.542,0.897,0.216
Vau_K_11,2,Kampen,Field,September,13.38,2110,0.554,329.7,0.372,0.696,0.361
Vau_K_11,2,Kampen,Field,September,13.38,3210,0.554,262.2,0.194,0.412,0.541
Vau_K_12,3,Kampen,Field,September,13.38,11,0.396,2.4,0.519,1,0
Vau_K_12,3,Kampen,Field,September,13.38,60,0.396,10.3,0.41,0.878,0.02
Vau_K_12,3,Kampen,Field,September,13.38,100,0.396,15.1,0.358,0.731,0
Vau_K_12,3,Kampen,Field,September,13.38,170,0.396,26.3,0.368,0.796,0
Vau_K_12,3,Kampen,Field,September,13.38,270,0.396,40.3,0.356,0.787,0.041
Vau_K_12,3,Kampen,Field,September,13.38,420,0.396,49.7,0.282,0.63,0.061
Vau_K_12,3,Kampen,Field,September,13.38,600,0.396,64.9,0.257,0.591,0.102
Vau_K_12,3,Kampen,Field,September,13.38,970,0.396,110,0.27,0.628,0.122
Vau_K_12,3,Kampen,Field,September,13.38,1410,0.396,89.1,0.151,0.389,0.265
Vau_K_12,3,Kampen,Field,September,13.38,2110,0.396,196.9,0.222,0.588,0.32
Vau_K_12,3,Kampen,Field,September,13.38,3210,0.396,194.9,0.145,0.414,0.442
Vau_K_13,4,Kampen,Field,September,13.38,11,0.351,2.3,0.495,1,0
Vau_K_13,4,Kampen,Field,September,13.38,60,0.351,11.5,0.455,0.978,0
Vau_K_13,4,Kampen,Field,September,13.38,100,0.351,16.2,0.386,0.813,0
Vau_K_13,4,Kampen,Field,September,13.38,170,0.351,28.3,0.396,0.851,0
Vau_K_13,4,Kampen,Field,September,13.38,270,0.351,43.1,0.38,0.826,0
Vau_K_13,4,Kampen,Field,September,13.38,420,0.351,66.6,0.378,0.841,0
Vau_K_13,4,Kampen,Field,September,13.38,600,0.351,79.7,0.316,0.738,0
Vau_K_13,4,Kampen,Field,September,13.38,970,0.351,130,0.319,0.789,0
Vau_K_13,4,Kampen,Field,September,13.38,1410,0.351,154.5,0.261,0.632,0.05
Vau_K_13,4,Kampen,Field,September,13.38,2110,0.351,187.7,0.212,0.581,0.225
Vau_K_13,4,Kampen,Field,September,13.38,3210,0.351,242,0.179,0.538,0.381
Vau_K_14,5,Kampen,Field,September,13.38,11,0.457,2.1,0.462,1,0
Vau_K_14,5,Kampen,Field,September,13.38,60,0.457,12.2,0.485,1,0
Vau_K_14,5,Kampen,Field,September,13.38,100,0.457,18.9,0.449,0.957,0
Vau_K_14,5,Kampen,Field,September,13.38,170,0.457,30.9,0.433,0.955,0
Vau_K_14,5,Kampen,Field,September,13.38,270,0.457,49.8,0.439,0.956,0
Vau_K_14,5,Kampen,Field,September,13.38,420,0.457,74.3,0.421,0.976,0
Vau_K_14,5,Kampen,Field,September,13.38,600,0.457,98.1,0.389,0.902,0
Vau_K_14,5,Kampen,Field,September,13.38,970,0.457,143.3,0.352,0.842,0.026
Vau_K_14,5,Kampen,Field,September,13.38,1410,0.457,136.1,0.23,0.588,0.128
Vau_K_14,5,Kampen,Field,September,13.38,2110,0.457,186,0.21,0.607,0.282
Vau_K_14,5,Kampen,Field,September,13.38,3210,0.457,182.2,0.135,0.455,0.45
Vau_L_01,1,List,Field,July,18.73,11,0.644,3.4,0.728,1000,0
Vau_L_01,1,List,Field,July,18.73,60,0.644,19.6,0.657,1000,0.354
Vau_L_01,1,List,Field,July,18.73,100,0.644,28.9,0.619,0.929,0.391
Vau_L_01,1,List,Field,July,18.73,170,0.644,47.1,0.619,0.975,0.403
Vau_L_01,1,List,Field,July,18.73,270,0.644,73.8,0.625,0.976,0.388
Vau_L_01,1,List,Field,July,18.73,420,0.644,109.8,0.607,0.974,0.433
Vau_L_01,1,List,Field,July,18.73,600,0.644,147.9,0.576,0.944,0.463
Vau_L_01,1,List,Field,July,18.73,970,0.644,244.4,0.593,0.972,0.463
Vau_L_01,1,List,Field,July,18.73,1410,0.644,324.6,0.544,0.912,0.493
Vau_L_01,1,List,Field,July,18.73,2110,0.644,323.9,0.364,0.625,0.522
Vau_L_01,1,List,Field,July,18.73,3210,NA,NA,NA,NA,NA
Vau_L_02,2,List,Field,July,18.73,11,0.543,3,0.645,1,0
Vau_L_02,2,List,Field,July,18.73,60,0.543,16,0.536,0.896,0.056
Vau_L_02,2,List,Field,July,18.73,100,0.543,27.2,0.584,1,0.043
Vau_L_02,2,List,Field,July,18.73,170,0.543,46.3,0.609,1,0.086
Vau_L_02,2,List,Field,July,18.73,270,0.543,59,0.5,0.859,0.086
Vau_L_02,2,List,Field,July,18.73,420,0.543,95.4,0.527,0.906,0.086
Vau_L_02,2,List,Field,July,18.73,600,0.543,23.3,0.5,0.898,0.145
Vau_L_02,2,List,Field,July,18.73,970,0.543,219.2,0.532,0.935,0.101
Vau_L_02,2,List,Field,July,18.73,1410,0.543,255.8,0.429,0.763,0.157
Vau_L_02,2,List,Field,July,18.73,2110,0.543,400.9,0.45,0.865,0.235
Vau_L_02,2,List,Field,July,18.73,3210,NA,NA,NA,NA,NA
Vau_L_03,3,List,Field,July,18.73,11,0.52,2.9,0.622,1,0.024
Vau_L_03,3,List,Field,July,18.73,60,0.52,15.6,0.618,1,0
Vau_L_03,3,List,Field,July,18.73,100,0.52,20.4,0.486,0.878,0.024
Vau_L_03,3,List,Field,July,18.73,170,0.52,40.5,0.568,1,0.024
Vau_L_03,3,List,Field,July,18.73,270,0.52,58.3,0.514,0.949,0.071
Vau_L_03,3,List,Field,July,18.73,420,0.52,83.2,0.471,0.868,0.116
Vau_L_03,3,List,Field,July,18.73,600,0.52,142.9,0.567,1,0.19
Vau_L_03,3,List,Field,July,18.73,970,0.52,203.7,0.5,0.971,0.209
Vau_L_03,3,List,Field,July,18.73,1410,0.52,207.3,0.35,0.7,0.333
Vau_L_03,3,List,Field,July,18.73,2110,0.52,379.8,0.429,0.923,0.422
Vau_L_03,3,List,Field,July,18.73,3210,0.52,363,0.269,0.583,0.489
Vau_L_04,4,List,Field,July,18.73,11,0.542,2.7,0.593,1,0.029
Vau_L_04,4,List,Field,July,18.73,60,0.542,14.4,0.573,1,0.043
Vau_L_04,4,List,Field,July,18.73,100,0.542,24.6,0.585,1,0.029
Vau_L_04,4,List,Field,July,18.73,170,0.542,39.3,0.551,0.942,0.028
Vau_L_04,4,List,Field,July,18.73,270,0.542,60.7,0.535,0.984,0.088
Vau_L_04,4,List,Field,July,18.73,420,0.542,89.8,0.509,0.933,0.143
Vau_L_04,4,List,Field,July,18.73,600,0.542,120.2,0.477,0.881,0.157
Vau_L_04,4,List,Field,July,18.73,970,0.542,163,0.4,0.8,0.286
Vau_L_04,4,List,Field,July,18.73,1410,0.542,223.7,0.378,0.791,0.411
Vau_L_04,4,List,Field,July,18.73,2110,0.542,227.2,0.256,0.606,0.56
Vau_L_04,4,List,Field,July,18.73,3210,0.542,347.3,0.258,0.773,0.711
Vau_L_05,5,List,Field,July,18.73,11,0.545,2.6,0.573,1000,0
Vau_L_05,5,List,Field,July,18.73,60,0.545,12.5,0.495,0.9,0.016
Vau_L_05,5,List,Field,July,18.73,100,0.545,22,0.523,0.966,0.017
Vau_L_05,5,List,Field,July,18.73,170,0.545,38.5,0.539,1000,0.129
Vau_L_05,5,List,Field,July,18.73,270,0.545,57.8,0.51,0.963,0.129
Vau_L_05,5,List,Field,July,18.73,420,0.545,64.8,0.367,0.692,0.188
Vau_L_05,5,List,Field,July,18.73,600,0.545,111.4,0.442,0.84,0.231
Vau_L_05,5,List,Field,July,18.73,970,0.545,158.4,0.389,0.778,0.308
Vau_L_05,5,List,Field,July,18.73,1410,0.545,242.6,0.41,0.872,0.409
Vau_L_05,5,List,Field,July,18.73,2110,0.545,271.8,0.307,0.676,0.507
Vau_L_05,5,List,Field,July,18.73,3210,0.545,402.4,0.299,0.8,0.632
Vau_L_06,6,List,Field,July,18.73,11,0.54,2.4,0.523,0.957,0.021
Vau_L_06,6,List,Field,July,18.73,60,0.54,13.6,0.54,0.979,0
Vau_L_06,6,List,Field,July,18.73,100,0.54,21,0.5,0.88,0
Vau_L_06,6,List,Field,July,18.73,170,0.54,42,0.588,1000,0.042
Vau_L_06,6,List,Field,July,18.73,270,0.54,59.3,0.523,0.939,0
Vau_L_06,6,List,Field,July,18.73,420,0.54,78.6,0.446,0.841,0.083
Vau_L_06,6,List,Field,July,18.73,600,0.54,119.9,0.476,0.907,0.104
Vau_L_06,6,List,Field,July,18.73,970,0.54,173,0.425,0.861,0.28
Vau_L_06,6,List,Field,July,18.73,1410,0.54,184.5,0.311,0.731,0.5
Vau_L_06,6,List,Field,July,18.73,2110,0.54,241.7,0.273,0.714,0.604
Vau_L_06,6,List,Field,July,18.73,3210,0.54,224.7,0.167,0.5,0.709
Vau_L_07,7,List,Field,July,17.38,11,0.775,3.6,0.781,0.993,0.018
Vau_L_07,7,List,Field,July,17.38,60,0.775,19.7,0.782,0.996,0.025
Vau_L_07,7,List,Field,July,17.38,100,0.775,32.1,0.765,0.981,0.039
Vau_L_07,7,List,Field,July,17.38,170,0.775,55.1,0.772,0.992,0.05
Vau_L_07,7,List,Field,July,17.38,270,0.775,85.5,0.754,0.962,0.067
Vau_L_07,7,List,Field,July,17.38,420,0.775,132,0.748,0.969,0.093
Vau_L_07,7,List,Field,July,17.38,600,0.775,173.5,0.689,0.901,0.135
Vau_L_07,7,List,Field,July,17.38,970,0.775,252.7,0.62,0.84,0.246
Vau_L_07,7,List,Field,July,17.38,1410,0.775,337.7,0.57,0.822,0.426
Vau_L_07,7,List,Field,July,17.38,2110,0.775,409.7,0.462,0.729,0.59
Vau_L_07,7,List,Field,July,17.38,3210,0.775,437.3,0.324,0.585,0.717
Vau_L_08,8,List,Field,July,17.38,11,0.73,3.5,0.767,1,0.043
Vau_L_08,8,List,Field,July,17.38,60,0.73,18.7,0.74,0.994,0.049
Vau_L_08,8,List,Field,July,17.38,100,0.73,30.5,0.726,0.971,0.054
Vau_L_08,8,List,Field,July,17.38,170,0.73,51.3,0.719,0.971,0.071
Vau_L_08,8,List,Field,July,17.38,270,0.73,76.3,0.673,0.915,0.114
Vau_L_08,8,List,Field,July,17.38,420,0.73,114.9,0.651,0.892,0.156
Vau_L_08,8,List,Field,July,17.38,600,0.73,162.4,0.645,0.889,0.177
Vau_L_08,8,List,Field,July,17.38,970,0.73,242.8,0.596,0.843,0.247
Vau_L_08,8,List,Field,July,17.38,1410,0.73,317.6,0.536,0.787,0.348
Vau_L_08,8,List,Field,July,17.38,2110,0.73,376.5,0.425,0.684,0.489
Vau_L_08,8,List,Field,July,17.38,3210,0.73,392.8,0.291,0.514,0.619
Vau_L_09,9,List,Field,July,17.38,11,0.779,3.7,0.801,1,0.024
Vau_L_09,9,List,Field,July,17.38,60,0.779,20,0.793,1,0.039
Vau_L_09,9,List,Field,July,17.38,100,0.779,32.8,0.782,1,0.067
Vau_L_09,9,List,Field,July,17.38,170,0.779,56.1,0.786,1,0.077
Vau_L_09,9,List,Field,July,17.38,270,0.779,86.6,0.764,0.984,0.099
Vau_L_09,9,List,Field,July,17.38,420,0.779,128.5,0.728,0.944,0.12
Vau_L_09,9,List,Field,July,17.38,600,0.779,175.8,0.697,0.912,0.155
Vau_L_09,9,List,Field,July,17.38,970,0.779,255.2,0.626,0.846,0.27
Vau_L_09,9,List,Field,July,17.38,1410,0.779,314.1,0.53,0.772,0.448
Vau_L_09,9,List,Field,July,17.38,2110,0.779,396.5,0.447,0.697,0.579
Vau_L_09,9,List,Field,July,17.38,3210,0.779,466.7,0.346,0.607,0.694
Vau_L_10,10,List,Field,July,17.38,11,0.768,3.6,0.782,1,0.038
Vau_L_10,10,List,Field,July,17.38,60,0.768,19.5,0.773,0.996,0.023
Vau_L_10,10,List,Field,July,17.38,100,0.768,32.1,0.763,0.988,0.057
Vau_L_10,10,List,Field,July,17.38,170,0.768,53.7,0.752,0.972,0.053
Vau_L_10,10,List,Field,July,17.38,270,0.768,85.1,0.751,0.979,0.087
Vau_L_10,10,List,Field,July,17.38,420,0.768,125.1,0.709,0.927,0.114
Vau_L_10,10,List,Field,July,17.38,600,0.768,173.4,0.688,0.915,0.145
Vau_L_10,10,List,Field,July,17.38,970,0.768,259.4,0.637,0.872,0.261
Vau_L_10,10,List,Field,July,17.38,1410,0.768,336.5,0.568,0.822,0.433
Vau_L_10,10,List,Field,July,17.38,2110,0.768,401.5,0.453,0.713,0.574
Vau_L_10,10,List,Field,July,17.38,3210,0.768,424.8,0.315,0.561,0.699
Vau_L_11,11,List,Field,July,17.38,11,0.693,3.5,0.753,1,0.063
Vau_L_11,11,List,Field,July,17.38,60,0.693,17.8,0.707,0.99,0.054
Vau_L_11,11,List,Field,July,17.38,100,0.693,29,0.69,0.962,0.071
Vau_L_11,11,List,Field,July,17.38,170,0.693,50.4,0.706,1,0.091
Vau_L_11,11,List,Field,July,17.38,270,0.693,72.9,0.643,0.928,0.118
Vau_L_11,11,List,Field,July,17.38,420,0.693,119.7,0.679,0.979,0.144
Vau_L_11,11,List,Field,July,17.38,600,0.693,164.8,0.654,0.946,0.179
Vau_L_11,11,List,Field,July,17.38,970,0.693,223.1,0.548,0.821,0.243
Vau_L_11,11,List,Field,July,17.38,1410,0.693,293.6,0.496,0.763,0.321
Vau_L_11,11,List,Field,July,17.38,2110,0.693,412.4,0.465,0.758,0.456
Vau_L_11,11,List,Field,July,17.38,3210,0.693,520.9,0.386,0.68,0.565
Vau_L_12,12,List,Field,July,17.38,11,0.754,3.6,0.778,1,0.029
Vau_L_12,12,List,Field,July,17.38,60,0.754,19.2,0.762,0.979,0
Vau_L_12,12,List,Field,July,17.38,100,0.754,31.9,0.76,0.996,0.004
Vau_L_12,12,List,Field,July,17.38,170,0.754,53.3,0.747,0.974,0.021
Vau_L_12,12,List,Field,July,17.38,270,0.754,85.5,0.754,0.987,0.05
Vau_L_12,12,List,Field,July,17.38,420,0.754,181.1,0.719,0.954,0.088
Vau_L_12,12,List,Field,July,17.38,600,0.754,173.4,0.688,0.915,0.113
Vau_L_12,12,List,Field,July,17.38,970,0.754,250.8,0.616,0.844,0.225
Vau_L_12,12,List,Field,July,17.38,1410,0.754,321,0.542,0.795,0.394
Vau_L_12,12,List,Field,July,17.38,2110,0.754,376.1,0.424,0.676,0.559
Vau_L_12,12,List,Field,July,17.38,3210,0.754,363.3,0.27,0.494,0.686
Vau_L_13,1,List,Field,September,13.56,11,0.729,3.4,0.74,0.991,0.009
Vau_L_13,1,List,Field,September,13.56,60,0.729,18.7,0.744,0.991,0
Vau_L_13,1,List,Field,September,13.56,100,0.729,31.6,0.753,0.992,0
Vau_L_13,1,List,Field,September,13.56,170,0.729,50.7,0.71,0.94,0
Vau_L_13,1,List,Field,September,13.56,270,0.729,83.4,0.735,1,0.035
Vau_L_13,1,List,Field,September,13.56,420,0.729,120.8,0.685,0.926,0.077
Vau_L_13,1,List,Field,September,13.56,600,0.729,167.4,0.664,0.903,0.127
Vau_L_13,1,List,Field,September,13.56,970,0.729,255,0.626,0.882,0.205
Vau_L_13,1,List,Field,September,13.56,1410,0.729,347.2,0.586,0.861,0.331
Vau_L_13,1,List,Field,September,13.56,2110,0.729,387.7,0.437,0.7,0.496
Vau_L_13,1,List,Field,September,13.56,3210,0.729,565.9,0.42,0.723,0.612
Vau_L_14,2,List,Field,September,13.56,11,0.679,3,0.657,0.947,0.013
Vau_L_14,2,List,Field,September,13.56,60,0.679,17.5,0.694,1,0
Vau_L_14,2,List,Field,September,13.56,100,0.679,28.8,0.685,0.957,0
Vau_L_14,2,List,Field,September,13.56,170,0.679,49.4,0.692,0.957,0
Vau_L_14,2,List,Field,September,13.56,270,0.679,78.2,0.69,0.957,0
Vau_L_14,2,List,Field,September,13.56,420,0.679,117.6,0.667,0.932,0
Vau_L_14,2,List,Field,September,13.56,600,0.679,157.5,0.625,0.882,0
Vau_L_14,2,List,Field,September,13.56,970,0.679,225.9,0.555,0.824,0
Vau_L_14,2,List,Field,September,13.56,1410,0.679,292.9,0.495,0.793,0.216
Vau_L_14,2,List,Field,September,13.56,2110,0.679,374.9,0.423,0.75,0.413
Vau_L_14,2,List,Field,September,13.56,3210,0.679,449.4,0.333,0.688,0.573
Vau_L_15,3,List,Field,September,13.56,11,0.679,3.2,0.702,0.989,0
Vau_L_15,3,List,Field,September,13.56,60,0.679,17.7,0.704,0.969,0
Vau_L_15,3,List,Field,September,13.56,100,0.679,31.1,0.741,1,0
Vau_L_15,3,List,Field,September,13.56,170,0.679,51.1,0.715,0.989,0.011
Vau_L_15,3,List,Field,September,13.56,270,0.679,79.5,0.701,0.989,0.043
Vau_L_15,3,List,Field,September,13.56,420,0.679,116.7,0.661,0.943,0.074
Vau_L_15,3,List,Field,September,13.56,600,0.679,158.8,0.63,0.915,0.128
Vau_L_15,3,List,Field,September,13.56,970,0.679,214.8,0.527,0.795,0.223
Vau_L_15,3,List,Field,September,13.56,1410,0.679,250.3,0.423,0.661,0.354
Vau_L_15,3,List,Field,September,13.56,2110,0.679,341.7,0.386,0.667,0.5
Vau_L_15,3,List,Field,September,13.56,3210,0.679,241.5,0.179,0.364,0.66
Vau_L_16,4,List,Field,September,13.56,11,0.712,3.3,0.712,0.989,0
Vau_L_16,4,List,Field,September,13.56,60,0.712,18.3,0.727,1,0
Vau_L_16,4,List,Field,September,13.56,100,0.712,31.2,0.742,1,0
Vau_L_16,4,List,Field,September,13.56,170,0.712,52.6,0.736,1,0
Vau_L_16,4,List,Field,September,13.56,270,0.712,79.8,0.704,0.989,0
Vau_L_16,4,List,Field,September,13.56,420,0.712,117.1,0.664,0.92,0.033
Vau_L_16,4,List,Field,September,13.56,600,0.712,152.9,0.607,0.877,0.09
Vau_L_16,4,List,Field,September,13.56,970,0.712,234.4,0.575,0.859,0.211
Vau_L_16,4,List,Field,September,13.56,1410,0.712,327.6,0.553,0.867,0.341
Vau_L_16,4,List,Field,September,13.56,2110,0.712,295.4,0.333,0.591,0.516
Vau_L_16,4,List,Field,September,13.56,3210,0.712,260.9,0.194,0.4,0.677
Vau_L_17,5,List,Field,September,13.56,11,0.675,3.5,0.748,1,0.086
Vau_L_17,5,List,Field,September,13.56,60,0.675,18.3,0.725,1,0
Vau_L_17,5,List,Field,September,13.56,100,0.675,29,0.69,0.967,0
Vau_L_17,5,List,Field,September,13.56,170,0.675,50.3,0.704,0.967,0
Vau_L_17,5,List,Field,September,13.56,270,0.675,78.1,0.689,0.955,0
Vau_L_17,5,List,Field,September,13.56,420,0.675,115.6,0.655,0.918,0
Vau_L_17,5,List,Field,September,13.56,600,0.675,152.5,0.605,0.863,0
Vau_L_17,5,List,Field,September,13.56,970,0.675,239,0.587,0.871,0.125
Vau_L_17,5,List,Field,September,13.56,1410,0.675,239.5,0.404,0.667,0.316
Vau_L_17,5,List,Field,September,13.56,2110,0.675,287.4,0.324,0.6,0.5
Vau_L_17,5,List,Field,September,13.56,3210,0.675,NA,NA,NA,NA
